-- phpMyAdmin SQL Dump
-- version 4.0.10deb1
-- http://www.phpmyadmin.net
--
-- Host: 127.0.0.1
-- Generation Time: Jun 08, 2018 at 04:49 PM
-- Server version: 5.5.57-0ubuntu0.14.04.1
-- PHP Version: 5.5.9-1ubuntu4.22

SET SQL_MODE = "NO_AUTO_VALUE_ON_ZERO";
SET time_zone = "+00:00";


/*!40101 SET @OLD_CHARACTER_SET_CLIENT=@@CHARACTER_SET_CLIENT */;
/*!40101 SET @OLD_CHARACTER_SET_RESULTS=@@CHARACTER_SET_RESULTS */;
/*!40101 SET @OLD_COLLATION_CONNECTION=@@COLLATION_CONNECTION */;
/*!40101 SET NAMES utf8 */;

--
-- Database: `c9`
--
--
-- Database: `milestoneProjectFour`
--

-- --------------------------------------------------------

--
-- Table structure for table `Categories`
--

CREATE TABLE IF NOT EXISTS `Categories` (
  `Id` int(11) NOT NULL AUTO_INCREMENT,
  `Name` varchar(20) DEFAULT NULL,
  PRIMARY KEY (`Id`)
) ENGINE=InnoDB  DEFAULT CHARSET=latin1 AUTO_INCREMENT=52 ;

--
-- Dumping data for table `Categories`
--

INSERT INTO `Categories` (`Id`, `Name`) VALUES
(1, 'Healthy'),
(2, 'Family and Kids'),
(3, 'Cakes & Baking'),
(4, 'Cuisines'),
(5, 'Events'),
(6, 'Everyday'),
(7, 'Seasonal'),
(8, 'Special Diets'),
(9, 'Vegetarian'),
(10, 'Breakfast'),
(11, 'Starter'),
(12, 'Main Course'),
(13, 'Desert'),
(14, 'Dinner'),
(15, 'Soup'),
(16, 'Indian'),
(17, 'Chinese'),
(18, 'Thai'),
(19, 'Asian'),
(20, 'Italian'),
(21, 'French'),
(22, 'Spanish'),
(23, 'European'),
(24, 'Mexican'),
(25, 'Latin American'),
(26, 'African'),
(27, 'American'),
(28, 'Australian'),
(29, 'British'),
(30, 'Irish'),
(32, 'Jewish'),
(47, 'Christmas'),
(48, 'Spicy'),
(49, 'Curry'),
(50, 'Sweet'),
(51, 'Side');

-- --------------------------------------------------------

--
-- Table structure for table `Ingredients`
--

CREATE TABLE IF NOT EXISTS `Ingredients` (
  `Id` int(11) NOT NULL AUTO_INCREMENT,
  `Name` varchar(15) DEFAULT NULL,
  PRIMARY KEY (`Id`)
) ENGINE=InnoDB  DEFAULT CHARSET=latin1 AUTO_INCREMENT=16 ;

--
-- Dumping data for table `Ingredients`
--

INSERT INTO `Ingredients` (`Id`, `Name`) VALUES
(3, 'Suger'),
(4, 'Salt'),
(5, 'Water'),
(6, 'Butter'),
(7, 'Milk'),
(8, 'Coke'),
(9, 'Marmalade '),
(10, 'Beef Stock'),
(11, 'Pepper '),
(12, 'Tomato'),
(13, 'Rashers'),
(14, 'Eggs'),
(15, 'Chicken Fillets');

-- --------------------------------------------------------

--
-- Table structure for table `RecipeCategories`
--

CREATE TABLE IF NOT EXISTS `RecipeCategories` (
  `RecipeId` int(11) NOT NULL,
  `CategoryId` int(11) NOT NULL,
  KEY `RecipeId` (`RecipeId`),
  KEY `CategoryId` (`CategoryId`)
) ENGINE=InnoDB DEFAULT CHARSET=latin1;

--
-- Dumping data for table `RecipeCategories`
--

INSERT INTO `RecipeCategories` (`RecipeId`, `CategoryId`) VALUES
(101, 24),
(103, 9),
(103, 22),
(104, 16),
(104, 48),
(104, 19),
(105, 9),
(105, 22),
(105, 49),
(106, 2),
(106, 4),
(106, 5),
(107, 2),
(108, 2),
(109, 6),
(111, 2),
(113, 2),
(114, 50),
(115, 24),
(116, 24),
(117, 24),
(118, 24),
(119, 24),
(120, 24),
(121, 2),
(122, 2),
(122, 21),
(123, 4),
(123, 10),
(124, 51),
(124, 1);

-- --------------------------------------------------------

--
-- Table structure for table `RecipeIngredients`
--

CREATE TABLE IF NOT EXISTS `RecipeIngredients` (
  `RecipeId` int(11) NOT NULL,
  `IngredientId` int(11) NOT NULL,
  `Quantity` varchar(20) DEFAULT NULL,
  KEY `RecipeId` (`RecipeId`),
  KEY `IngredientId` (`IngredientId`)
) ENGINE=InnoDB DEFAULT CHARSET=latin1;

--
-- Dumping data for table `RecipeIngredients`
--

INSERT INTO `RecipeIngredients` (`RecipeId`, `IngredientId`, `Quantity`) VALUES
(101, 3, '1/2 cup'),
(103, 3, '1/2 cup'),
(103, 6, '1 Pound'),
(103, 9, '1/2 Tin'),
(104, 3, '1/2 cup'),
(104, 10, '2 Cubes'),
(104, 11, '1 Pound'),
(105, 3, '1/2 cup'),
(105, 6, '1 Pound'),
(105, 12, '1/4 Cup'),
(105, 5, '1 Cup'),
(106, 3, '1/2 cup'),
(106, 13, '2 '),
(107, 3, '1/2 cup'),
(108, 3, '1/2 cup'),
(109, 3, '1/2 cup'),
(111, 3, '1/2 cup'),
(113, 3, '1/2 cup'),
(114, 3, '1/2 cup'),
(115, 3, '1/2 cup'),
(116, 3, '1/2 cup'),
(117, 3, '1/2 cup'),
(118, 3, '1/2 cup'),
(119, 3, '1/2 cup'),
(120, 3, '1/2 cup'),
(121, 3, '1/2 cup'),
(122, 3, '1/2 cup'),
(123, 3, '1/2 cup'),
(123, 4, '1 Spoon'),
(124, 15, '3');

-- --------------------------------------------------------

--
-- Table structure for table `Recipes`
--

CREATE TABLE IF NOT EXISTS `Recipes` (
  `Id` int(11) NOT NULL AUTO_INCREMENT,
  `Name` varchar(40) NOT NULL,
  `UserId` int(11) NOT NULL,
  `Difficulty` tinyint(4) NOT NULL,
  `Serves` tinyint(4) NOT NULL,
  `Blurb` varchar(100) NOT NULL,
  `PrepTime` time NOT NULL,
  `CookTime` time NOT NULL,
  `Instructions` text NOT NULL,
  `ImageName` varchar(50) DEFAULT NULL,
  PRIMARY KEY (`Id`),
  KEY `UserId` (`UserId`)
) ENGINE=InnoDB  DEFAULT CHARSET=latin1 AUTO_INCREMENT=125 ;

--
-- Dumping data for table `Recipes`
--

INSERT INTO `Recipes` (`Id`, `Name`, `UserId`, `Difficulty`, `Serves`, `Blurb`, `PrepTime`, `CookTime`, `Instructions`, `ImageName`) VALUES
(101, 'Chicken Curry', 12, 1, 4, 'A short Blurb', '02:20:00', '03:15:00', '[''Test Instructions'']', NULL),
(103, 'Chicken Curry', 123, 1, 4, 'A short Blurb', '02:20:00', '03:15:00', '[''Test Instructions'', ''Second Instruction'', ''Third Instruction '']', NULL),
(104, 'Beef Curry ', 123, 1, 4, 'A short Blurb', '02:20:00', '03:15:00', '[''Test Instructions'', ''Another Instruction '', ''And a third'']', NULL),
(105, 'Chicken Curry', 12, 1, 4, 'A short Blurb', '02:20:00', '03:15:00', '[''Test Instructions'', ''Second Instruction '', ''And a third Instruction'']', NULL),
(106, 'Roast Pork', 0, 1, 4, 'A short Blurb', '01:20:00', '01:20:00', '[''Test Instructions'', ''Second instruction'']', NULL),
(107, 'Chicken Curry', 0, 1, 4, 'A short Blurb', '02:20:00', '03:15:00', '[''Test Instructions'']', NULL),
(108, 'Chicken Curry', 0, 1, 4, 'A short Blurb', '02:20:00', '03:15:00', '[''Test Instructions'']', NULL),
(109, 'Chicken Curry', 13, 1, 4, 'A short Blurb', '02:20:00', '03:15:00', '[''Test Instructions'']', NULL),
(111, 'Chicken Curry', 13, 1, 4, 'A short Blurb', '02:20:00', '03:15:00', '[''Test Instructions'']', NULL),
(113, 'Chicken Curry', 13, 1, 4, 'A short Blurb', '02:20:00', '03:15:00', '[''Test Instructions'']', NULL),
(114, 'Chicken Curry', 13, 1, 4, 'A short Blurb', '02:20:00', '03:15:00', '[''Test Instructions'']', NULL),
(115, 'Chicken Curry', 13, 1, 4, 'A short Blurb', '02:20:00', '03:15:00', '[''Test Instructions'']', NULL),
(116, 'Chicken Curry', 13, 1, 4, 'A short Blurb', '02:20:00', '03:15:00', '[''Test Instructions'']', NULL),
(117, 'Chicken Curry', 13, 1, 4, 'A short Blurb', '02:20:00', '03:15:00', '[''Test Instructions'']', NULL),
(118, 'Chicken Curry', 13, 1, 4, 'A short Blurb', '02:20:00', '03:15:00', '[''Test Instructions'']', NULL),
(119, 'Chicken Curry', 13, 1, 4, 'A short Blurb', '02:20:00', '03:15:00', '[''Test Instructions'']', '788Visa_photo.jpg'),
(120, 'Chicken Curry', 13, 1, 4, 'A short Blurb', '02:20:00', '03:15:00', '[''Test Instructions'']', NULL),
(121, 'Pizza', 14, 1, 4, 'A short Blurb', '02:20:00', '03:15:00', '[''Test Instructions'']', NULL),
(122, 'Salad', 12, 1, 4, 'A short Blurb', '02:20:00', '03:15:00', '[''Test Instructions'']', NULL),
(123, 'Beef Curry', 12, 0, 4, 'A short Blurb', '02:25:00', '02:10:00', '[''Test Instructions'']', NULL),
(124, 'Chicken Salad ', 13, 0, 2, 'Chicken with leaves on the side', '01:00:00', '02:00:00', '['' Cut the chicken\r\n'', ''Cook the chicken '']', NULL);

-- --------------------------------------------------------

--
-- Table structure for table `Reviews`
--

CREATE TABLE IF NOT EXISTS `Reviews` (
  `UserId` int(11) NOT NULL,
  `RecipeId` int(11) NOT NULL,
  `Score` tinyint(4) NOT NULL,
  KEY `UserId` (`UserId`),
  KEY `RecipeId` (`RecipeId`)
) ENGINE=InnoDB DEFAULT CHARSET=latin1;

--
-- Dumping data for table `Reviews`
--

INSERT INTO `Reviews` (`UserId`, `RecipeId`, `Score`) VALUES
(12, 103, 2),
(12, 103, 5),
(12, 105, 4),
(12, 107, 5),
(12, 114, 5),
(12, 120, 1),
(12, 119, 4),
(12, 119, 3),
(12, 104, 2),
(12, 103, 3),
(12, 109, 5),
(12, 120, 5),
(12, 118, 4),
(12, 119, 2),
(12, 107, 4),
(12, 108, 4),
(12, 105, 5),
(12, 119, 4),
(12, 116, 2),
(12, 103, 2),
(12, 101, 5),
(12, 120, 4),
(12, 119, 3),
(12, 109, 2),
(12, 106, 1),
(12, 118, 5),
(12, 118, 2),
(12, 108, 5),
(12, 103, 5),
(12, 103, 5),
(12, 107, 4),
(12, 118, 3),
(12, 115, 1),
(12, 120, 3),
(12, 101, 1),
(12, 105, 4),
(12, 101, 5),
(12, 107, 2),
(12, 108, 4),
(12, 106, 2),
(12, 109, 5),
(12, 114, 2),
(12, 107, 1),
(12, 106, 3),
(12, 108, 4),
(12, 120, 3),
(12, 101, 2),
(12, 106, 3),
(12, 101, 2),
(12, 118, 2),
(12, 101, 2),
(12, 121, 3),
(12, 115, 5),
(12, 103, 4),
(12, 107, 4),
(12, 118, 1),
(12, 116, 1),
(12, 114, 4),
(12, 115, 3),
(12, 118, 5),
(12, 117, 2),
(12, 101, 1),
(12, 105, 1),
(12, 105, 4),
(12, 107, 1),
(12, 106, 5),
(12, 115, 5),
(12, 101, 3),
(12, 116, 5),
(12, 101, 4),
(12, 104, 1),
(12, 115, 1),
(12, 115, 2),
(12, 109, 5),
(12, 115, 4),
(12, 104, 1),
(12, 107, 5),
(12, 105, 3),
(12, 120, 5),
(12, 106, 5),
(12, 116, 2),
(12, 119, 4),
(12, 108, 4),
(12, 117, 3),
(12, 104, 3),
(12, 114, 5),
(12, 105, 4),
(12, 117, 5),
(12, 118, 5),
(12, 120, 5),
(12, 107, 5),
(12, 103, 2),
(12, 114, 3),
(12, 106, 4),
(12, 117, 3),
(12, 115, 1),
(12, 114, 4),
(12, 106, 1),
(12, 114, 3),
(12, 117, 2),
(12, 115, 5),
(12, 117, 5),
(12, 105, 4),
(12, 104, 3),
(12, 103, 3),
(12, 117, 2),
(12, 113, 5),
(12, 121, 5),
(12, 109, 4),
(12, 114, 3),
(12, 116, 1),
(12, 104, 4),
(12, 108, 4),
(12, 103, 1),
(12, 105, 5),
(12, 101, 4),
(12, 104, 5),
(12, 119, 3),
(12, 115, 4),
(12, 106, 1),
(12, 108, 4),
(12, 117, 1),
(12, 119, 4),
(12, 104, 1),
(12, 118, 5),
(12, 116, 3),
(12, 119, 2),
(12, 101, 3),
(12, 101, 1),
(12, 106, 2),
(12, 117, 3),
(12, 103, 1),
(12, 105, 1),
(12, 116, 5),
(12, 114, 1),
(12, 118, 5),
(12, 120, 3),
(12, 116, 1),
(12, 107, 3),
(12, 119, 3),
(12, 117, 2),
(12, 104, 5),
(12, 116, 3),
(12, 103, 3),
(12, 114, 1),
(12, 115, 5),
(12, 103, 1),
(12, 116, 1),
(12, 101, 1),
(12, 106, 5),
(12, 108, 2),
(12, 101, 1),
(12, 109, 3),
(12, 116, 5),
(12, 105, 2),
(12, 121, 2),
(12, 108, 5),
(12, 116, 1),
(12, 114, 1),
(12, 113, 5),
(12, 118, 3),
(12, 115, 2),
(12, 106, 4),
(12, 120, 3),
(12, 115, 5),
(12, 120, 2),
(12, 106, 4),
(12, 115, 4),
(12, 107, 5),
(12, 109, 4),
(12, 119, 2),
(12, 118, 5),
(12, 107, 2),
(12, 108, 3),
(12, 118, 3),
(12, 109, 1),
(12, 114, 1),
(12, 103, 4),
(12, 120, 4),
(12, 120, 3),
(12, 105, 5),
(12, 113, 1),
(12, 103, 4),
(12, 105, 2),
(12, 101, 2),
(12, 103, 1),
(12, 107, 1),
(12, 115, 4),
(12, 118, 5),
(12, 117, 3),
(12, 118, 3),
(12, 109, 2),
(12, 116, 1),
(12, 109, 2),
(12, 116, 1),
(12, 108, 1),
(12, 105, 3),
(12, 104, 3),
(12, 116, 2),
(12, 121, 2),
(12, 101, 1),
(12, 113, 4),
(12, 101, 1),
(12, 104, 2),
(12, 108, 2),
(12, 115, 5),
(12, 119, 1),
(12, 119, 2),
(12, 109, 3),
(12, 108, 1),
(12, 118, 2),
(12, 117, 4),
(12, 115, 5),
(12, 107, 2),
(12, 107, 2),
(12, 105, 4),
(12, 108, 4),
(12, 105, 5),
(12, 101, 2),
(12, 119, 3),
(12, 117, 4),
(12, 104, 3),
(12, 118, 4),
(12, 116, 2),
(12, 101, 3),
(12, 113, 5),
(12, 113, 4),
(12, 113, 5),
(12, 107, 3),
(12, 116, 3),
(12, 103, 4),
(12, 105, 3),
(12, 113, 1),
(12, 108, 1),
(12, 115, 1),
(12, 101, 2),
(12, 115, 4),
(12, 119, 2),
(12, 119, 5),
(12, 116, 3),
(12, 120, 4),
(12, 116, 4),
(12, 108, 1),
(12, 120, 4),
(12, 120, 1),
(12, 113, 1),
(12, 116, 3),
(12, 101, 3),
(12, 107, 1),
(12, 106, 2),
(12, 104, 1),
(12, 107, 4),
(12, 107, 1),
(12, 117, 5),
(12, 107, 4),
(12, 103, 1),
(12, 118, 3),
(12, 120, 2),
(12, 116, 1),
(12, 116, 4),
(12, 101, 3),
(12, 120, 1),
(12, 116, 2),
(12, 105, 1),
(12, 116, 4),
(12, 119, 1),
(12, 105, 5),
(12, 114, 2),
(12, 119, 3),
(12, 118, 1),
(12, 121, 1),
(12, 108, 4),
(12, 101, 5),
(12, 118, 4),
(12, 113, 1),
(12, 108, 3),
(12, 121, 1),
(12, 103, 4),
(12, 118, 5),
(12, 121, 5),
(12, 116, 3),
(12, 121, 3),
(12, 120, 4),
(12, 121, 1),
(12, 116, 1),
(12, 108, 5),
(12, 118, 3),
(12, 117, 1),
(12, 108, 4),
(12, 106, 4),
(12, 106, 4),
(12, 117, 3),
(13, 120, 0),
(13, 116, 0),
(13, 116, 0),
(13, 120, 0),
(13, 121, 0),
(13, 119, 0),
(13, 120, 0),
(13, 116, 0),
(13, 120, 0),
(13, 119, 0),
(13, 115, 0),
(13, 120, 0),
(13, 119, 0),
(13, 116, 0),
(13, 118, 0),
(13, 118, 0),
(13, 115, 0),
(13, 115, 0),
(13, 118, 0),
(13, 117, 0),
(13, 117, 0),
(13, 121, 0),
(13, 118, 0),
(13, 117, 0),
(13, 118, 0),
(13, 117, 0),
(13, 119, 0),
(13, 117, 0),
(13, 120, 0),
(13, 119, 0),
(13, 120, 0),
(13, 119, 0),
(13, 120, 0),
(13, 116, 0),
(13, 121, 0),
(13, 119, 0),
(13, 118, 0),
(13, 121, 0),
(13, 117, 0),
(13, 121, 0),
(13, 117, 0),
(13, 120, 0),
(13, 118, 0),
(13, 120, 0),
(13, 115, 0),
(13, 115, 0),
(13, 115, 0),
(13, 118, 0),
(13, 119, 0),
(13, 116, 0),
(13, 116, 0),
(13, 118, 0),
(13, 121, 0),
(13, 116, 0),
(13, 120, 0),
(13, 115, 0),
(13, 118, 0),
(13, 120, 0),
(13, 119, 0),
(13, 119, 0),
(13, 115, 0),
(13, 119, 0),
(13, 119, 0),
(13, 115, 0),
(13, 117, 0),
(13, 121, 0),
(13, 118, 0),
(13, 120, 0),
(13, 118, 0),
(13, 117, 0),
(13, 119, 0),
(13, 117, 0),
(13, 115, 0),
(13, 119, 0),
(13, 116, 0),
(13, 121, 0),
(13, 116, 0),
(13, 119, 0),
(13, 119, 0),
(13, 117, 0),
(13, 116, 0),
(13, 119, 0),
(13, 119, 0),
(13, 115, 0),
(13, 118, 0),
(13, 121, 0),
(13, 120, 0),
(13, 121, 0),
(13, 119, 0),
(13, 117, 0),
(13, 117, 0),
(13, 120, 0),
(13, 121, 0),
(13, 117, 0),
(13, 116, 0),
(13, 119, 0),
(13, 119, 0),
(13, 116, 0),
(13, 119, 0),
(13, 119, 0),
(13, 113, 4),
(13, 113, 4),
(13, 114, 4),
(13, 114, 4),
(13, 113, 4),
(13, 114, 4),
(13, 111, 4),
(13, 113, 4),
(13, 113, 4),
(13, 111, 4),
(13, 113, 4),
(13, 111, 4),
(13, 111, 4),
(13, 113, 4),
(13, 111, 4),
(13, 113, 4),
(13, 114, 4),
(13, 113, 4),
(13, 114, 4),
(13, 114, 4),
(13, 113, 4),
(13, 111, 4),
(13, 113, 4),
(13, 111, 4),
(13, 111, 4),
(13, 114, 4),
(13, 114, 4),
(13, 111, 4),
(13, 114, 4),
(13, 111, 4),
(13, 114, 4),
(13, 111, 4),
(13, 114, 4),
(13, 111, 4),
(13, 114, 4),
(13, 113, 4),
(13, 114, 4),
(13, 114, 4),
(13, 113, 4),
(13, 114, 4),
(13, 113, 4),
(13, 113, 4),
(13, 114, 4),
(13, 114, 4),
(13, 113, 4),
(13, 113, 4),
(13, 114, 4),
(13, 113, 4),
(13, 111, 4),
(13, 111, 4),
(13, 111, 4),
(13, 114, 4),
(13, 111, 4),
(13, 111, 4),
(13, 111, 4),
(13, 111, 4),
(13, 114, 4),
(13, 113, 4),
(13, 111, 4),
(13, 114, 4),
(13, 113, 4),
(13, 111, 4),
(13, 111, 4),
(13, 113, 4),
(13, 114, 4),
(13, 114, 4),
(13, 114, 4),
(13, 114, 4),
(13, 114, 4),
(13, 114, 4),
(13, 113, 4),
(13, 114, 4),
(13, 111, 4),
(13, 113, 4),
(13, 113, 4),
(13, 111, 4),
(13, 114, 4),
(13, 113, 4),
(13, 111, 4),
(13, 111, 4),
(13, 111, 4),
(13, 114, 4),
(13, 111, 4),
(13, 113, 4),
(13, 111, 4),
(13, 114, 4),
(13, 114, 4),
(13, 114, 4),
(13, 111, 4),
(13, 111, 4),
(13, 113, 4),
(13, 111, 4),
(13, 111, 4),
(13, 113, 4),
(13, 114, 4),
(13, 113, 4),
(13, 113, 4),
(13, 113, 4),
(13, 114, 4),
(13, 111, 4),
(13, 111, 4),
(13, 113, 4),
(13, 114, 4),
(13, 114, 4),
(13, 111, 4),
(13, 111, 4),
(13, 111, 4),
(13, 111, 4),
(13, 113, 4),
(13, 113, 4),
(13, 113, 4),
(13, 114, 4),
(13, 113, 4),
(13, 111, 4),
(13, 111, 4),
(13, 113, 4),
(13, 113, 4),
(13, 113, 4),
(13, 111, 4),
(13, 113, 4),
(13, 113, 4),
(13, 114, 4),
(13, 114, 4),
(13, 113, 4),
(13, 111, 4),
(13, 111, 4),
(13, 114, 4),
(13, 113, 4),
(13, 113, 4),
(13, 113, 4),
(13, 114, 4),
(13, 111, 4),
(13, 114, 4),
(13, 113, 4),
(13, 111, 4),
(13, 113, 4),
(13, 114, 4),
(13, 114, 4),
(13, 111, 4),
(13, 113, 4),
(13, 111, 4),
(13, 111, 5),
(13, 111, 5),
(13, 113, 5),
(13, 113, 5),
(13, 111, 5),
(13, 113, 5),
(13, 111, 5),
(13, 111, 5),
(13, 111, 5),
(13, 113, 5),
(13, 113, 5),
(13, 111, 5),
(13, 114, 5),
(13, 114, 5),
(13, 114, 5),
(13, 113, 5),
(13, 114, 5),
(13, 111, 5),
(13, 114, 5),
(13, 113, 5),
(13, 111, 5),
(13, 111, 5),
(13, 113, 5),
(13, 114, 5),
(13, 114, 5),
(13, 114, 5),
(13, 114, 5),
(13, 114, 5),
(13, 114, 5),
(13, 113, 5),
(13, 114, 5),
(13, 114, 5),
(13, 113, 5),
(13, 113, 5),
(13, 113, 5),
(13, 113, 5),
(13, 114, 5),
(13, 113, 5),
(13, 113, 5),
(13, 113, 5),
(13, 114, 5),
(13, 113, 5),
(13, 114, 5),
(13, 114, 5),
(13, 113, 5),
(13, 113, 5),
(13, 113, 5),
(13, 114, 5),
(13, 114, 5),
(13, 114, 5),
(13, 113, 5),
(13, 114, 5),
(13, 113, 5),
(13, 114, 5),
(13, 114, 5),
(13, 114, 5),
(13, 113, 5),
(13, 113, 5),
(13, 114, 5),
(13, 114, 5),
(13, 113, 5),
(13, 114, 5),
(13, 114, 5),
(13, 114, 5),
(13, 113, 5),
(13, 113, 5),
(13, 114, 5),
(13, 113, 5),
(13, 113, 5),
(13, 113, 5),
(13, 113, 5),
(13, 113, 5),
(13, 113, 5),
(13, 114, 5),
(13, 113, 5),
(13, 113, 5),
(13, 114, 5),
(13, 113, 5),
(13, 113, 5),
(13, 113, 5),
(13, 114, 5),
(13, 114, 5),
(13, 114, 5),
(13, 114, 5),
(13, 114, 5),
(13, 114, 5),
(13, 113, 5),
(13, 113, 5),
(13, 114, 5),
(13, 114, 5),
(13, 113, 5),
(13, 114, 5),
(13, 114, 5),
(13, 113, 5),
(13, 114, 5),
(13, 114, 5),
(13, 114, 5),
(13, 114, 5),
(13, 114, 5),
(13, 114, 5),
(13, 113, 5),
(13, 113, 5),
(13, 113, 5),
(13, 113, 5),
(13, 113, 5),
(13, 114, 5),
(13, 114, 5),
(13, 113, 5),
(13, 114, 5),
(13, 114, 5),
(13, 113, 5),
(13, 114, 5),
(13, 114, 5),
(13, 113, 5),
(13, 113, 5),
(13, 113, 5),
(13, 113, 5),
(13, 114, 5),
(13, 113, 5),
(13, 114, 5),
(13, 113, 5),
(13, 114, 5),
(13, 113, 5),
(13, 114, 5),
(13, 114, 5),
(13, 113, 5),
(13, 114, 5),
(13, 114, 5),
(13, 113, 5),
(13, 114, 5),
(13, 114, 5),
(13, 114, 5),
(13, 114, 5),
(13, 113, 5),
(13, 114, 5),
(13, 113, 5),
(13, 114, 5),
(13, 114, 5),
(13, 113, 5),
(13, 113, 5),
(13, 113, 5),
(13, 114, 5),
(13, 113, 5),
(13, 114, 5),
(13, 113, 5),
(13, 114, 5),
(13, 113, 5),
(13, 113, 5),
(13, 114, 5),
(13, 113, 5),
(13, 114, 5),
(13, 114, 5),
(13, 114, 5),
(13, 114, 5),
(13, 114, 5),
(13, 113, 5),
(13, 114, 5),
(13, 113, 5),
(13, 113, 5),
(13, 114, 5),
(13, 114, 5),
(13, 114, 5),
(13, 113, 5),
(13, 113, 5),
(13, 114, 5),
(13, 114, 5),
(13, 114, 5),
(13, 114, 5),
(13, 113, 5),
(13, 114, 5),
(13, 113, 5),
(13, 114, 5),
(13, 114, 5),
(13, 113, 5),
(13, 113, 5),
(13, 113, 5),
(13, 113, 5),
(13, 114, 5),
(13, 114, 5),
(13, 113, 5),
(13, 113, 5),
(13, 114, 5),
(13, 114, 5),
(13, 114, 5),
(13, 113, 5),
(13, 113, 5),
(13, 113, 5),
(13, 113, 5),
(13, 113, 5),
(13, 114, 5),
(13, 114, 5),
(13, 114, 5),
(13, 114, 5),
(13, 114, 5),
(13, 114, 5),
(13, 113, 5),
(13, 113, 5),
(13, 113, 5),
(13, 113, 5),
(13, 114, 5),
(13, 114, 5),
(13, 114, 5),
(13, 114, 5),
(13, 114, 5),
(13, 113, 5),
(13, 114, 5),
(13, 114, 5),
(13, 114, 5),
(13, 113, 5),
(13, 113, 5),
(13, 114, 5),
(13, 114, 5),
(13, 113, 5),
(13, 113, 5),
(13, 113, 5),
(13, 114, 5),
(13, 113, 5),
(13, 113, 5),
(13, 114, 5),
(13, 114, 5),
(13, 114, 5),
(13, 113, 5),
(13, 113, 5),
(13, 114, 5),
(13, 114, 5),
(13, 113, 5),
(13, 113, 5),
(13, 114, 5),
(13, 114, 5),
(13, 113, 5),
(13, 114, 5),
(13, 113, 5),
(13, 114, 5),
(13, 113, 5),
(13, 113, 5),
(13, 114, 5),
(13, 114, 5),
(13, 113, 5),
(13, 113, 5),
(13, 113, 5),
(13, 113, 5),
(13, 113, 5),
(13, 114, 5),
(13, 113, 5),
(13, 113, 5),
(13, 114, 5),
(13, 114, 5),
(13, 113, 5),
(13, 113, 5),
(13, 113, 5),
(13, 113, 5),
(13, 114, 5),
(13, 114, 5),
(13, 114, 5),
(13, 114, 5),
(13, 113, 5),
(13, 114, 5),
(13, 114, 5),
(13, 113, 5),
(13, 113, 5),
(13, 113, 5),
(13, 113, 5),
(13, 114, 5),
(13, 114, 5),
(13, 114, 5),
(13, 114, 5),
(13, 114, 5),
(13, 114, 5),
(13, 113, 5),
(13, 114, 5),
(13, 113, 5),
(13, 114, 5),
(13, 113, 5),
(13, 114, 5),
(13, 114, 5),
(13, 113, 5),
(13, 113, 5),
(13, 113, 5),
(13, 114, 5),
(13, 114, 5),
(13, 113, 5),
(13, 114, 5),
(13, 113, 5),
(13, 114, 5),
(13, 113, 5),
(13, 114, 5),
(13, 114, 5),
(13, 114, 5),
(13, 113, 5),
(13, 114, 5),
(13, 113, 5),
(13, 114, 5),
(13, 114, 5),
(13, 114, 5),
(13, 113, 5),
(13, 113, 5),
(13, 114, 5),
(13, 113, 5),
(13, 114, 5),
(13, 113, 5),
(13, 113, 5),
(13, 114, 5),
(13, 114, 5),
(13, 114, 5),
(13, 113, 5),
(13, 113, 5),
(13, 113, 5),
(13, 113, 5),
(13, 113, 5),
(13, 113, 5),
(13, 113, 5),
(13, 114, 5),
(13, 114, 5),
(13, 114, 5),
(13, 113, 5),
(13, 113, 5),
(13, 114, 5),
(13, 114, 5),
(13, 113, 5),
(13, 114, 5),
(13, 114, 5),
(13, 114, 5),
(13, 114, 5),
(13, 114, 5),
(13, 113, 5),
(13, 113, 5),
(13, 113, 5),
(13, 113, 5),
(13, 114, 5),
(13, 114, 5),
(13, 113, 5),
(13, 114, 5),
(13, 113, 5),
(13, 114, 5),
(13, 113, 5),
(13, 114, 5),
(13, 113, 5),
(13, 113, 5),
(13, 114, 5),
(13, 114, 5),
(13, 114, 5),
(13, 114, 5),
(13, 114, 5),
(13, 114, 5),
(13, 113, 5),
(13, 114, 5),
(13, 113, 5),
(13, 114, 5),
(13, 114, 5),
(13, 114, 5),
(13, 114, 5),
(13, 113, 5),
(13, 114, 5),
(13, 114, 5),
(13, 114, 5),
(13, 113, 5),
(13, 113, 5),
(13, 114, 5),
(13, 113, 5),
(13, 114, 5),
(13, 113, 5),
(13, 114, 5),
(13, 113, 5),
(13, 113, 5),
(13, 113, 5),
(13, 113, 5),
(13, 113, 5),
(13, 113, 5),
(13, 113, 5),
(13, 114, 5),
(13, 114, 5),
(13, 114, 5),
(13, 113, 5),
(13, 113, 5),
(13, 114, 5),
(13, 113, 5),
(13, 113, 5),
(13, 114, 5),
(13, 114, 5),
(13, 114, 5),
(13, 114, 5),
(13, 113, 5),
(13, 114, 5),
(13, 114, 5),
(13, 113, 5),
(13, 113, 5),
(13, 114, 5),
(13, 113, 5),
(13, 113, 5),
(13, 114, 5),
(13, 114, 5),
(13, 113, 5),
(13, 113, 5),
(13, 114, 5),
(13, 114, 5),
(13, 113, 5),
(13, 113, 5),
(13, 113, 5),
(13, 114, 5),
(13, 113, 5),
(13, 113, 5),
(13, 114, 5),
(13, 113, 5),
(13, 113, 5),
(13, 114, 5),
(13, 113, 5),
(13, 113, 5),
(13, 114, 5),
(13, 113, 5),
(13, 114, 5),
(13, 113, 5),
(13, 114, 5),
(13, 113, 5),
(13, 114, 5),
(13, 114, 5),
(13, 114, 5),
(13, 114, 5),
(13, 113, 5),
(13, 114, 5),
(13, 113, 5),
(13, 113, 5),
(13, 114, 5),
(13, 114, 5),
(13, 113, 5),
(13, 113, 5),
(13, 114, 5),
(13, 114, 5),
(13, 113, 5),
(13, 114, 5),
(13, 113, 5),
(13, 114, 5),
(13, 113, 5),
(13, 113, 5),
(13, 113, 5),
(13, 114, 5),
(13, 114, 5),
(13, 114, 5),
(13, 113, 5),
(13, 114, 5),
(13, 113, 5),
(13, 113, 5),
(13, 113, 5),
(13, 113, 5),
(13, 114, 5),
(13, 113, 5),
(13, 114, 5),
(13, 113, 5),
(13, 113, 5),
(13, 113, 5),
(13, 114, 5),
(13, 114, 5),
(13, 113, 5),
(13, 114, 5),
(13, 113, 5),
(13, 113, 5),
(13, 113, 5),
(13, 114, 5),
(13, 114, 5),
(13, 113, 5),
(13, 113, 5),
(13, 113, 5),
(13, 113, 5),
(13, 113, 5),
(13, 113, 5),
(13, 114, 5),
(13, 113, 5),
(13, 114, 5),
(13, 113, 5),
(13, 113, 5),
(13, 114, 5),
(13, 114, 5),
(13, 113, 5),
(13, 114, 5),
(13, 113, 5),
(13, 114, 5),
(13, 114, 5),
(13, 114, 5),
(13, 113, 5),
(13, 113, 5),
(13, 114, 5),
(13, 113, 5),
(13, 114, 5),
(13, 113, 5),
(13, 113, 5),
(13, 113, 5),
(13, 114, 5),
(13, 114, 5),
(13, 113, 5),
(13, 113, 5),
(13, 114, 5),
(13, 114, 5),
(13, 114, 5),
(13, 113, 5),
(13, 114, 5),
(13, 113, 5),
(13, 114, 5),
(13, 113, 5),
(13, 114, 5),
(13, 113, 5),
(13, 114, 5),
(13, 113, 5),
(13, 113, 5),
(13, 113, 5),
(13, 113, 5),
(13, 114, 5),
(13, 113, 5),
(13, 113, 5),
(13, 114, 5),
(13, 114, 5),
(13, 114, 5),
(13, 113, 5),
(13, 113, 5),
(13, 114, 5),
(13, 114, 5),
(13, 113, 5),
(13, 113, 5),
(13, 113, 5),
(13, 113, 5),
(13, 114, 5),
(13, 114, 5),
(13, 113, 5),
(13, 113, 5),
(13, 113, 5),
(13, 114, 5),
(13, 114, 5),
(13, 114, 5),
(13, 114, 5),
(13, 113, 5),
(13, 114, 5),
(13, 114, 5),
(13, 114, 5),
(13, 114, 5),
(13, 114, 5),
(13, 114, 5),
(13, 113, 5),
(13, 114, 5),
(13, 114, 5),
(13, 113, 5),
(13, 114, 5),
(13, 114, 5),
(13, 113, 5),
(13, 113, 5),
(13, 114, 5),
(13, 113, 5),
(13, 113, 5),
(13, 114, 5),
(13, 113, 5),
(13, 114, 5),
(13, 114, 5),
(13, 114, 5),
(13, 114, 5),
(13, 113, 5),
(13, 113, 5),
(13, 114, 5),
(13, 114, 5),
(13, 114, 5),
(13, 114, 5),
(13, 114, 5),
(13, 113, 5),
(13, 114, 5),
(13, 113, 5),
(13, 114, 5),
(13, 114, 5),
(13, 113, 5),
(13, 113, 5),
(13, 113, 5),
(13, 113, 5),
(13, 114, 5),
(13, 114, 5),
(13, 113, 5),
(13, 114, 5),
(13, 114, 5),
(13, 114, 5),
(13, 114, 5),
(13, 114, 5),
(13, 114, 5),
(13, 113, 5),
(13, 113, 5),
(13, 114, 5),
(13, 113, 5),
(13, 114, 5),
(13, 113, 5),
(13, 113, 5),
(13, 113, 5),
(13, 114, 5),
(13, 113, 5),
(13, 113, 5),
(13, 114, 5),
(13, 113, 5),
(13, 114, 5),
(13, 114, 5),
(13, 114, 5),
(13, 114, 5),
(13, 113, 5),
(13, 113, 5),
(13, 114, 5),
(13, 113, 5),
(13, 113, 5),
(13, 113, 5),
(13, 114, 5),
(13, 113, 5),
(13, 114, 5),
(13, 114, 5),
(13, 114, 5),
(13, 113, 5),
(13, 113, 5),
(13, 113, 5),
(13, 114, 5),
(13, 114, 5),
(13, 113, 5),
(13, 113, 5),
(13, 114, 5),
(13, 113, 5),
(13, 113, 5),
(13, 113, 5),
(13, 113, 5),
(13, 114, 5),
(13, 114, 5),
(13, 114, 5),
(13, 114, 5),
(13, 113, 5),
(13, 114, 5),
(13, 113, 5),
(13, 113, 5),
(13, 114, 5),
(13, 113, 5),
(13, 114, 5),
(13, 113, 5),
(13, 113, 5),
(13, 114, 5),
(13, 113, 5),
(13, 114, 5),
(13, 114, 5),
(13, 114, 5),
(13, 113, 5),
(13, 113, 5),
(13, 114, 5),
(13, 113, 5),
(13, 113, 5),
(13, 114, 5),
(13, 113, 5),
(13, 114, 5),
(13, 113, 5),
(13, 114, 5),
(13, 113, 5),
(13, 113, 5),
(13, 114, 5),
(13, 114, 5),
(13, 113, 5),
(13, 114, 5),
(13, 113, 5),
(13, 114, 5),
(13, 114, 5),
(13, 114, 5),
(13, 113, 5),
(13, 113, 5),
(13, 114, 5),
(13, 113, 5),
(13, 113, 5),
(13, 113, 5),
(13, 114, 5),
(13, 113, 5),
(13, 113, 5),
(13, 113, 5),
(13, 113, 5),
(13, 114, 5),
(13, 113, 5),
(13, 113, 5),
(13, 114, 5),
(13, 114, 5),
(13, 113, 5),
(13, 114, 5),
(13, 113, 5),
(13, 114, 5),
(13, 114, 5),
(13, 114, 5),
(13, 114, 5),
(13, 113, 5),
(13, 113, 5),
(13, 114, 5),
(13, 113, 5),
(13, 114, 5),
(13, 113, 5),
(13, 114, 5),
(13, 113, 5),
(13, 114, 5),
(13, 114, 5),
(13, 113, 5),
(13, 114, 5),
(13, 114, 5),
(13, 113, 5),
(13, 113, 5),
(13, 113, 5),
(13, 113, 5),
(13, 114, 5),
(13, 113, 5),
(13, 113, 5),
(13, 113, 5),
(13, 113, 5),
(13, 113, 5),
(13, 114, 5),
(13, 113, 5),
(13, 114, 5),
(13, 113, 5),
(13, 113, 5),
(13, 113, 5),
(13, 114, 5),
(13, 114, 5),
(13, 114, 5),
(13, 114, 5),
(13, 114, 5),
(13, 113, 5),
(13, 113, 5),
(13, 113, 5),
(13, 113, 5),
(13, 113, 5),
(13, 113, 5),
(13, 113, 5),
(13, 113, 5),
(13, 114, 5),
(13, 113, 5),
(13, 114, 5),
(13, 113, 5),
(13, 114, 5),
(13, 114, 5),
(13, 114, 5),
(13, 114, 5),
(13, 113, 5),
(13, 114, 5),
(13, 113, 5),
(13, 114, 5),
(13, 114, 5),
(13, 114, 5),
(13, 113, 5),
(13, 114, 5),
(13, 114, 5),
(13, 114, 5),
(13, 113, 5),
(13, 113, 5),
(13, 113, 5),
(13, 113, 5),
(13, 114, 5),
(13, 114, 5),
(13, 113, 5),
(13, 114, 5),
(13, 114, 5),
(13, 113, 5),
(13, 113, 5),
(13, 114, 5),
(13, 113, 5),
(13, 114, 5),
(13, 113, 5),
(13, 114, 5),
(13, 113, 5),
(13, 114, 5),
(13, 113, 5),
(13, 113, 5),
(13, 114, 5),
(13, 113, 5),
(13, 113, 5),
(13, 114, 5),
(13, 113, 5),
(13, 113, 5),
(13, 114, 5),
(13, 113, 5),
(13, 114, 5),
(13, 114, 5),
(13, 113, 5),
(13, 113, 5),
(13, 114, 5),
(13, 113, 5),
(13, 114, 5),
(13, 114, 5),
(13, 114, 5),
(13, 113, 5),
(13, 114, 5),
(13, 114, 5),
(13, 113, 5),
(13, 113, 5),
(13, 114, 5),
(13, 114, 5),
(13, 113, 5),
(13, 113, 5),
(13, 113, 5),
(13, 113, 5),
(13, 114, 5),
(13, 114, 5),
(13, 113, 5),
(13, 113, 5),
(13, 114, 5),
(13, 113, 5),
(13, 113, 5),
(13, 114, 5),
(13, 114, 5),
(13, 114, 5),
(13, 113, 5),
(13, 114, 5),
(13, 114, 5),
(13, 113, 5),
(13, 114, 5),
(13, 114, 5),
(13, 114, 5),
(13, 114, 5),
(13, 113, 5),
(13, 114, 5),
(13, 114, 5),
(13, 113, 5),
(13, 114, 5),
(13, 114, 5),
(13, 113, 5),
(13, 114, 5),
(13, 114, 5),
(13, 114, 5),
(13, 113, 5),
(13, 113, 5),
(13, 114, 5),
(13, 114, 5),
(13, 113, 5),
(13, 114, 5),
(13, 113, 5),
(13, 114, 5),
(13, 113, 5),
(13, 113, 5),
(13, 114, 5),
(13, 114, 5),
(13, 113, 5),
(13, 114, 5),
(13, 114, 5),
(13, 113, 5),
(13, 113, 5),
(13, 113, 5),
(13, 114, 5),
(13, 113, 5),
(13, 114, 5),
(13, 113, 5),
(13, 114, 5),
(13, 113, 5),
(13, 114, 5),
(13, 114, 5),
(13, 114, 5),
(13, 114, 5),
(13, 113, 5),
(13, 113, 5),
(13, 114, 5),
(13, 114, 5),
(13, 114, 5),
(13, 114, 5),
(13, 114, 5),
(13, 114, 5),
(13, 113, 5),
(13, 113, 5),
(13, 113, 5),
(13, 114, 5),
(13, 114, 5),
(13, 113, 5),
(13, 113, 5),
(13, 113, 5),
(13, 113, 5),
(13, 113, 5),
(13, 114, 5),
(13, 114, 5),
(13, 113, 5),
(13, 114, 5),
(13, 113, 5),
(13, 113, 5),
(13, 114, 5),
(13, 113, 5),
(13, 113, 5),
(13, 113, 5),
(13, 114, 5),
(13, 113, 5),
(13, 114, 5),
(13, 114, 5),
(13, 113, 5),
(13, 113, 5),
(13, 114, 5),
(13, 113, 5),
(13, 113, 5),
(13, 114, 5),
(13, 114, 5),
(13, 113, 5),
(13, 113, 5),
(13, 113, 5),
(13, 113, 5),
(13, 113, 5),
(13, 113, 5),
(13, 113, 5),
(13, 113, 5),
(13, 114, 5),
(13, 113, 5),
(13, 113, 5),
(13, 114, 5),
(13, 113, 5),
(13, 113, 5),
(13, 113, 5),
(13, 114, 5),
(13, 113, 5),
(13, 113, 5),
(13, 114, 5),
(13, 113, 5),
(13, 114, 5),
(13, 113, 5),
(13, 114, 5),
(13, 113, 5),
(13, 113, 5),
(13, 113, 5),
(13, 113, 5),
(13, 114, 5),
(13, 114, 5),
(13, 113, 5),
(13, 114, 5),
(13, 114, 5),
(13, 114, 5),
(13, 114, 5),
(13, 114, 5),
(13, 113, 5),
(13, 113, 5),
(13, 114, 5),
(13, 114, 5),
(13, 114, 5),
(13, 114, 5),
(13, 113, 5),
(13, 114, 5),
(13, 114, 5),
(13, 113, 5),
(13, 114, 5),
(13, 113, 5),
(13, 114, 5),
(13, 113, 5),
(13, 113, 5),
(13, 114, 5),
(13, 113, 5),
(13, 113, 5),
(13, 113, 5),
(13, 114, 5),
(13, 113, 5),
(13, 113, 5),
(13, 114, 5),
(13, 114, 5),
(13, 113, 5),
(13, 114, 5),
(13, 113, 5),
(13, 114, 5),
(13, 113, 5),
(13, 114, 5),
(13, 113, 5),
(13, 113, 5),
(13, 114, 5),
(13, 114, 5),
(13, 114, 5),
(13, 113, 5),
(13, 114, 5),
(13, 114, 5),
(13, 114, 5),
(13, 114, 5),
(13, 114, 5),
(13, 113, 5),
(13, 113, 5),
(13, 113, 5),
(13, 113, 5),
(13, 113, 5),
(13, 113, 5),
(13, 114, 5),
(13, 114, 5),
(13, 114, 5),
(13, 113, 5),
(13, 113, 5),
(13, 113, 5),
(13, 114, 5),
(13, 113, 5),
(13, 113, 5),
(13, 113, 5),
(13, 114, 5),
(13, 113, 5),
(13, 114, 5),
(13, 113, 5),
(13, 114, 5),
(13, 114, 5),
(13, 114, 5),
(13, 114, 5),
(13, 113, 5),
(13, 113, 5),
(13, 114, 5),
(13, 114, 5),
(13, 114, 5),
(13, 113, 5),
(13, 114, 5),
(13, 114, 5),
(13, 113, 5),
(13, 113, 5),
(13, 114, 5),
(13, 114, 5),
(13, 113, 5),
(13, 113, 5),
(13, 114, 5),
(13, 113, 5),
(13, 114, 5),
(13, 114, 5),
(13, 114, 5),
(13, 114, 5),
(13, 113, 5),
(13, 113, 5),
(13, 113, 5),
(13, 114, 5),
(13, 113, 5),
(13, 114, 5),
(13, 113, 5),
(13, 113, 5),
(13, 114, 5),
(13, 114, 5),
(13, 114, 5),
(13, 114, 5),
(13, 114, 5),
(13, 114, 5),
(13, 113, 5),
(13, 114, 5),
(13, 113, 5),
(13, 114, 5),
(13, 114, 5),
(13, 113, 5),
(13, 114, 5),
(13, 113, 5),
(13, 114, 5),
(13, 113, 5),
(13, 114, 5),
(13, 114, 5),
(13, 113, 5),
(13, 114, 5),
(13, 113, 5),
(13, 114, 5),
(13, 113, 5),
(13, 113, 5),
(13, 113, 5),
(13, 113, 5),
(13, 114, 5),
(13, 113, 5),
(13, 114, 5),
(13, 114, 5),
(13, 114, 5),
(13, 113, 5),
(13, 113, 5),
(13, 114, 5),
(13, 114, 5),
(13, 113, 5),
(13, 114, 5),
(13, 114, 5),
(13, 113, 5),
(13, 113, 5),
(13, 113, 5),
(13, 114, 5),
(13, 114, 5),
(13, 114, 5),
(13, 113, 5),
(13, 114, 5),
(13, 114, 5),
(13, 114, 5),
(13, 114, 5),
(13, 114, 5),
(13, 113, 5),
(13, 114, 5),
(13, 113, 5),
(13, 114, 5),
(13, 113, 5),
(13, 113, 5),
(13, 113, 5),
(13, 114, 5),
(13, 113, 5),
(13, 113, 5),
(13, 113, 5),
(13, 114, 5),
(13, 114, 5),
(13, 113, 5),
(13, 114, 5),
(13, 114, 5),
(13, 114, 5),
(13, 113, 5),
(13, 113, 5),
(13, 114, 5),
(13, 113, 5),
(13, 113, 5),
(13, 114, 5),
(13, 114, 5),
(13, 114, 5),
(13, 113, 5),
(13, 114, 5),
(13, 114, 5),
(13, 114, 5),
(13, 114, 5),
(13, 113, 5),
(13, 113, 5),
(13, 114, 5),
(13, 113, 5),
(13, 114, 5),
(13, 114, 5),
(13, 114, 5),
(13, 113, 5),
(13, 114, 5),
(13, 114, 5),
(13, 114, 5),
(13, 113, 5),
(13, 114, 5),
(13, 114, 5),
(13, 114, 5),
(13, 113, 5),
(13, 114, 5),
(13, 113, 5),
(13, 113, 5),
(13, 114, 5),
(13, 114, 5),
(13, 113, 5),
(13, 114, 5),
(13, 113, 5),
(13, 113, 5),
(13, 114, 5),
(13, 114, 5),
(13, 113, 5),
(13, 114, 5),
(13, 114, 5),
(13, 113, 5),
(13, 113, 5),
(13, 113, 5),
(13, 114, 5),
(13, 113, 5),
(14, 122, 4),
(14, 118, 4),
(13, 123, 1),
(12, 111, 4);

-- --------------------------------------------------------

--
-- Table structure for table `UserFavourites`
--

CREATE TABLE IF NOT EXISTS `UserFavourites` (
  `UserId` int(11) NOT NULL,
  `RecipeId` int(11) NOT NULL,
  KEY `UserId` (`UserId`),
  KEY `RecipeId` (`RecipeId`)
) ENGINE=InnoDB DEFAULT CHARSET=latin1;

--
-- Dumping data for table `UserFavourites`
--

INSERT INTO `UserFavourites` (`UserId`, `RecipeId`) VALUES
(14, 122),
(14, 122),
(14, 118),
(14, 119);

-- --------------------------------------------------------

--
-- Table structure for table `Users`
--

CREATE TABLE IF NOT EXISTS `Users` (
  `Id` int(11) NOT NULL AUTO_INCREMENT,
  `Password` char(77) DEFAULT NULL,
  `Username` varchar(15) DEFAULT NULL,
  PRIMARY KEY (`Id`)
) ENGINE=InnoDB  DEFAULT CHARSET=latin1 AUTO_INCREMENT=28 ;

--
-- Dumping data for table `Users`
--

INSERT INTO `Users` (`Id`, `Password`, `Username`) VALUES
(12, '$5$rounds=535000$x4Sx2EEpC.FdzyQl$Lc3JN8Nhge7L0iN1Sdu8ydp52z5JyFuxohUXv4RXe.C', 'Paddywc'),
(13, '$5$rounds=535000$if3SgeyN3T4BeeaK$UF0lq6NuRYTwlzUvtcaWyZZcvLLYH9CjtUpwQpo/rl6', 'Cremen'),
(14, '$5$rounds=535000$pZbmynuFWWyMfG8t$oPbvG4ZaMaKuulxkjNnO6XbpMpaCnAy1.TAjJotAaxB', 'Patrick'),
(15, '$5$rounds=535000$2zu7YJqsHbdweh4o$lHMJxAdnE9GjTROUS3OkioOj5pe8haxpFF3VfoM9FJ0', 'Unique Username'),
(16, '$5$rounds=535000$NkEC2k7QIR2f5DL1$fZD7jGceiV3CDasG6vezbxGcUSQ/9oSsz26SZb5ECR7', 'Mike'),
(17, '$5$rounds=535000$m0z4Lb8daKMQXXmX$tVoFAHYo7Ddz1pqmjzqMXjKDC6b9FnjJ4P2H.ouUKH1', 'Molly'),
(18, '$5$rounds=535000$GAPi92YfF8CwrpWH$Q6mBJ5qVPIp/H0x8jDXdniKFnSg2rx6s7gtCBpkiAw0', 'Sam'),
(19, '$5$rounds=535000$VR8qUbhe/rttarGE$.0MDgnWDYpwxecXBFCTg2lU6Vf3cEurd4JO089NjyT/', 'Jill'),
(20, '$5$rounds=535000$DSMy6DN9iju9ph63$yEL.1i8gIKfWpUtXswnO0B/1NoOFZ7.riNtHcxwQ452', 'Jack'),
(21, '$5$rounds=535000$yldY4OWsKIW9baKj$h2WjyTPgESVo4OpJY5L9PgbjNSdk3ZS2Wsp6ePm7Wz2', 'Bart'),
(22, '$5$rounds=535000$BkO4SicNnlnyOLqy$4tkb794MX6XwjvQ1v48DMVpx8deBuxj6Li8PJpRl4S/', 'Lisa'),
(23, '$5$rounds=535000$Q0JdJtrmkLiBtA5d$208woYnypRe7D6r8YGSPG9H9PGLhNK5oJ58PfmfHgH2', 'Maggie'),
(24, '$5$rounds=535000$IiouxnMa/o/qaHOX$.WIk.VYqei7Jc7Zh6/2Us2OBkHsg72QdR3qkI/vj8gC', 'Bill'),
(25, '$5$rounds=535000$TWwcFIVtEMLSu9jv$0pbe/rev3vSeSgj2hUZXQRZ.F8abRw5ixnAEZqSGQl2', 'Ben'),
(26, '$5$rounds=535000$u2gRj5L8k.xkfRH0$C5EnLXe2zXdWRy.cBIhiYekLvx6YdloAUO9Jcc8lmJ2', 'Meg'),
(27, '$5$rounds=535000$lgtrWqnpK6Muiwxm$lcvpUI0bdW2b3xfvmsSoy/EbstmBgVa5yt8HfZK4Mu7', 'fffffffffff');

--
-- Constraints for dumped tables
--

--
-- Constraints for table `RecipeCategories`
--
ALTER TABLE `RecipeCategories`
  ADD CONSTRAINT `RecipeCategories_ibfk_1` FOREIGN KEY (`RecipeId`) REFERENCES `Recipes` (`Id`),
  ADD CONSTRAINT `RecipeCategories_ibfk_2` FOREIGN KEY (`CategoryId`) REFERENCES `Categories` (`Id`);

--
-- Constraints for table `RecipeIngredients`
--
ALTER TABLE `RecipeIngredients`
  ADD CONSTRAINT `RecipeIngredients_ibfk_1` FOREIGN KEY (`RecipeId`) REFERENCES `Recipes` (`Id`),
  ADD CONSTRAINT `RecipeIngredients_ibfk_2` FOREIGN KEY (`IngredientId`) REFERENCES `Ingredients` (`Id`);

--
-- Constraints for table `Recipes`
--
ALTER TABLE `Recipes`
  ADD CONSTRAINT `Recipes_ibfk_1` FOREIGN KEY (`UserId`) REFERENCES `Users` (`Id`);

--
-- Constraints for table `Reviews`
--
ALTER TABLE `Reviews`
  ADD CONSTRAINT `Reviews_ibfk_1` FOREIGN KEY (`UserId`) REFERENCES `Users` (`Id`),
  ADD CONSTRAINT `Reviews_ibfk_2` FOREIGN KEY (`RecipeId`) REFERENCES `Recipes` (`Id`);

--
-- Constraints for table `UserFavourites`
--
ALTER TABLE `UserFavourites`
  ADD CONSTRAINT `UserFavourites_ibfk_1` FOREIGN KEY (`UserId`) REFERENCES `Users` (`Id`),
  ADD CONSTRAINT `UserFavourites_ibfk_2` FOREIGN KEY (`RecipeId`) REFERENCES `Recipes` (`Id`);
--
-- Database: `phpmyadmin`
--

-- --------------------------------------------------------

--
-- Table structure for table `pma__bookmark`
--

CREATE TABLE IF NOT EXISTS `pma__bookmark` (
  `id` int(11) NOT NULL AUTO_INCREMENT,
  `dbase` varchar(255) COLLATE utf8_bin NOT NULL DEFAULT '',
  `user` varchar(255) COLLATE utf8_bin NOT NULL DEFAULT '',
  `label` varchar(255) CHARACTER SET utf8 NOT NULL DEFAULT '',
  `query` text COLLATE utf8_bin NOT NULL,
  PRIMARY KEY (`id`)
) ENGINE=InnoDB DEFAULT CHARSET=utf8 COLLATE=utf8_bin COMMENT='Bookmarks' AUTO_INCREMENT=1 ;

-- --------------------------------------------------------

--
-- Table structure for table `pma__column_info`
--

CREATE TABLE IF NOT EXISTS `pma__column_info` (
  `id` int(5) unsigned NOT NULL AUTO_INCREMENT,
  `db_name` varchar(64) COLLATE utf8_bin NOT NULL DEFAULT '',
  `table_name` varchar(64) COLLATE utf8_bin NOT NULL DEFAULT '',
  `column_name` varchar(64) COLLATE utf8_bin NOT NULL DEFAULT '',
  `comment` varchar(255) CHARACTER SET utf8 NOT NULL DEFAULT '',
  `mimetype` varchar(255) CHARACTER SET utf8 NOT NULL DEFAULT '',
  `transformation` varchar(255) COLLATE utf8_bin NOT NULL DEFAULT '',
  `transformation_options` varchar(255) COLLATE utf8_bin NOT NULL DEFAULT '',
  PRIMARY KEY (`id`),
  UNIQUE KEY `db_name` (`db_name`,`table_name`,`column_name`)
) ENGINE=InnoDB  DEFAULT CHARSET=utf8 COLLATE=utf8_bin COMMENT='Column information for phpMyAdmin' AUTO_INCREMENT=7 ;

--
-- Dumping data for table `pma__column_info`
--

INSERT INTO `pma__column_info` (`id`, `db_name`, `table_name`, `column_name`, `comment`, `mimetype`, `transformation`, `transformation_options`) VALUES
(1, 'milestoneProjectFour', 'Recipes', 'Name', '', '', '_', ''),
(2, 'milestoneProjectFour', 'Recipes', 'Blurb', '', '', '_', ''),
(3, 'milestoneProjectFour', 'Recipes', 'PrepTime', '', '', '_', ''),
(4, 'milestoneProjectFour', 'Recipes', 'CookTime', '', '', '_', ''),
(5, 'milestoneProjectFour', 'Recipes', 'UserId', '', '', '_', ''),
(6, 'milestoneProjectFour', 'Recipes', 'Instructions', '', '', '_', '');

-- --------------------------------------------------------

--
-- Table structure for table `pma__designer_coords`
--

CREATE TABLE IF NOT EXISTS `pma__designer_coords` (
  `db_name` varchar(64) COLLATE utf8_bin NOT NULL DEFAULT '',
  `table_name` varchar(64) COLLATE utf8_bin NOT NULL DEFAULT '',
  `x` int(11) DEFAULT NULL,
  `y` int(11) DEFAULT NULL,
  `v` tinyint(4) DEFAULT NULL,
  `h` tinyint(4) DEFAULT NULL,
  PRIMARY KEY (`db_name`,`table_name`)
) ENGINE=InnoDB DEFAULT CHARSET=utf8 COLLATE=utf8_bin COMMENT='Table coordinates for Designer';

-- --------------------------------------------------------

--
-- Table structure for table `pma__history`
--

CREATE TABLE IF NOT EXISTS `pma__history` (
  `id` bigint(20) unsigned NOT NULL AUTO_INCREMENT,
  `username` varchar(64) COLLATE utf8_bin NOT NULL DEFAULT '',
  `db` varchar(64) COLLATE utf8_bin NOT NULL DEFAULT '',
  `table` varchar(64) COLLATE utf8_bin NOT NULL DEFAULT '',
  `timevalue` timestamp NOT NULL DEFAULT CURRENT_TIMESTAMP ON UPDATE CURRENT_TIMESTAMP,
  `sqlquery` text COLLATE utf8_bin NOT NULL,
  PRIMARY KEY (`id`),
  KEY `username` (`username`,`db`,`table`,`timevalue`)
) ENGINE=InnoDB DEFAULT CHARSET=utf8 COLLATE=utf8_bin COMMENT='SQL history for phpMyAdmin' AUTO_INCREMENT=1 ;

-- --------------------------------------------------------

--
-- Table structure for table `pma__pdf_pages`
--

CREATE TABLE IF NOT EXISTS `pma__pdf_pages` (
  `db_name` varchar(64) COLLATE utf8_bin NOT NULL DEFAULT '',
  `page_nr` int(10) unsigned NOT NULL AUTO_INCREMENT,
  `page_descr` varchar(50) CHARACTER SET utf8 NOT NULL DEFAULT '',
  PRIMARY KEY (`page_nr`),
  KEY `db_name` (`db_name`)
) ENGINE=InnoDB DEFAULT CHARSET=utf8 COLLATE=utf8_bin COMMENT='PDF relation pages for phpMyAdmin' AUTO_INCREMENT=1 ;

-- --------------------------------------------------------

--
-- Table structure for table `pma__recent`
--

CREATE TABLE IF NOT EXISTS `pma__recent` (
  `username` varchar(64) COLLATE utf8_bin NOT NULL,
  `tables` text COLLATE utf8_bin NOT NULL,
  PRIMARY KEY (`username`)
) ENGINE=InnoDB DEFAULT CHARSET=utf8 COLLATE=utf8_bin COMMENT='Recently accessed tables';

--
-- Dumping data for table `pma__recent`
--

INSERT INTO `pma__recent` (`username`, `tables`) VALUES
('paddywc', '[{"db":"milestoneProjectFour","table":"Recipes"},{"db":"milestoneProjectFour","table":"RecipeCreators"},{"db":"milestoneProjectFour","table":"Ingredients"}]');

-- --------------------------------------------------------

--
-- Table structure for table `pma__relation`
--

CREATE TABLE IF NOT EXISTS `pma__relation` (
  `master_db` varchar(64) COLLATE utf8_bin NOT NULL DEFAULT '',
  `master_table` varchar(64) COLLATE utf8_bin NOT NULL DEFAULT '',
  `master_field` varchar(64) COLLATE utf8_bin NOT NULL DEFAULT '',
  `foreign_db` varchar(64) COLLATE utf8_bin NOT NULL DEFAULT '',
  `foreign_table` varchar(64) COLLATE utf8_bin NOT NULL DEFAULT '',
  `foreign_field` varchar(64) COLLATE utf8_bin NOT NULL DEFAULT '',
  PRIMARY KEY (`master_db`,`master_table`,`master_field`),
  KEY `foreign_field` (`foreign_db`,`foreign_table`)
) ENGINE=InnoDB DEFAULT CHARSET=utf8 COLLATE=utf8_bin COMMENT='Relation table';

-- --------------------------------------------------------

--
-- Table structure for table `pma__table_coords`
--

CREATE TABLE IF NOT EXISTS `pma__table_coords` (
  `db_name` varchar(64) COLLATE utf8_bin NOT NULL DEFAULT '',
  `table_name` varchar(64) COLLATE utf8_bin NOT NULL DEFAULT '',
  `pdf_page_number` int(11) NOT NULL DEFAULT '0',
  `x` float unsigned NOT NULL DEFAULT '0',
  `y` float unsigned NOT NULL DEFAULT '0',
  PRIMARY KEY (`db_name`,`table_name`,`pdf_page_number`)
) ENGINE=InnoDB DEFAULT CHARSET=utf8 COLLATE=utf8_bin COMMENT='Table coordinates for phpMyAdmin PDF output';

-- --------------------------------------------------------

--
-- Table structure for table `pma__table_info`
--

CREATE TABLE IF NOT EXISTS `pma__table_info` (
  `db_name` varchar(64) COLLATE utf8_bin NOT NULL DEFAULT '',
  `table_name` varchar(64) COLLATE utf8_bin NOT NULL DEFAULT '',
  `display_field` varchar(64) COLLATE utf8_bin NOT NULL DEFAULT '',
  PRIMARY KEY (`db_name`,`table_name`)
) ENGINE=InnoDB DEFAULT CHARSET=utf8 COLLATE=utf8_bin COMMENT='Table information for phpMyAdmin';

-- --------------------------------------------------------

--
-- Table structure for table `pma__table_uiprefs`
--

CREATE TABLE IF NOT EXISTS `pma__table_uiprefs` (
  `username` varchar(64) COLLATE utf8_bin NOT NULL,
  `db_name` varchar(64) COLLATE utf8_bin NOT NULL,
  `table_name` varchar(64) COLLATE utf8_bin NOT NULL,
  `prefs` text COLLATE utf8_bin NOT NULL,
  `last_update` timestamp NOT NULL DEFAULT CURRENT_TIMESTAMP ON UPDATE CURRENT_TIMESTAMP,
  PRIMARY KEY (`username`,`db_name`,`table_name`)
) ENGINE=InnoDB DEFAULT CHARSET=utf8 COLLATE=utf8_bin COMMENT='Tables'' UI preferences';

--
-- Dumping data for table `pma__table_uiprefs`
--

INSERT INTO `pma__table_uiprefs` (`username`, `db_name`, `table_name`, `prefs`, `last_update`) VALUES
('paddywc', 'milestoneProjectFour', 'Recipes', '{"sorted_col":"`Recipes`.`Id` DESC"}', '2018-05-29 17:42:04');

-- --------------------------------------------------------

--
-- Table structure for table `pma__tracking`
--

CREATE TABLE IF NOT EXISTS `pma__tracking` (
  `db_name` varchar(64) COLLATE utf8_bin NOT NULL,
  `table_name` varchar(64) COLLATE utf8_bin NOT NULL,
  `version` int(10) unsigned NOT NULL,
  `date_created` datetime NOT NULL,
  `date_updated` datetime NOT NULL,
  `schema_snapshot` text COLLATE utf8_bin NOT NULL,
  `schema_sql` text COLLATE utf8_bin,
  `data_sql` longtext COLLATE utf8_bin,
  `tracking` set('UPDATE','REPLACE','INSERT','DELETE','TRUNCATE','CREATE DATABASE','ALTER DATABASE','DROP DATABASE','CREATE TABLE','ALTER TABLE','RENAME TABLE','DROP TABLE','CREATE INDEX','DROP INDEX','CREATE VIEW','ALTER VIEW','DROP VIEW') COLLATE utf8_bin DEFAULT NULL,
  `tracking_active` int(1) unsigned NOT NULL DEFAULT '1',
  PRIMARY KEY (`db_name`,`table_name`,`version`)
) ENGINE=InnoDB DEFAULT CHARSET=utf8 COLLATE=utf8_bin COMMENT='Database changes tracking for phpMyAdmin';

-- --------------------------------------------------------

--
-- Table structure for table `pma__userconfig`
--

CREATE TABLE IF NOT EXISTS `pma__userconfig` (
  `username` varchar(64) COLLATE utf8_bin NOT NULL,
  `timevalue` timestamp NOT NULL DEFAULT CURRENT_TIMESTAMP ON UPDATE CURRENT_TIMESTAMP,
  `config_data` text COLLATE utf8_bin NOT NULL,
  PRIMARY KEY (`username`)
) ENGINE=InnoDB DEFAULT CHARSET=utf8 COLLATE=utf8_bin COMMENT='User preferences storage for phpMyAdmin';

-- --------------------------------------------------------

--
-- Table structure for table `pma_bookmark`
--

CREATE TABLE IF NOT EXISTS `pma_bookmark` (
  `id` int(11) NOT NULL AUTO_INCREMENT,
  `dbase` varchar(255) COLLATE utf8_bin NOT NULL DEFAULT '',
  `user` varchar(255) COLLATE utf8_bin NOT NULL DEFAULT '',
  `label` varchar(255) CHARACTER SET utf8 NOT NULL DEFAULT '',
  `query` text COLLATE utf8_bin NOT NULL,
  PRIMARY KEY (`id`)
) ENGINE=MyISAM DEFAULT CHARSET=utf8 COLLATE=utf8_bin COMMENT='Bookmarks' AUTO_INCREMENT=1 ;

-- --------------------------------------------------------

--
-- Table structure for table `pma_column_info`
--

CREATE TABLE IF NOT EXISTS `pma_column_info` (
  `id` int(5) unsigned NOT NULL AUTO_INCREMENT,
  `db_name` varchar(64) COLLATE utf8_bin NOT NULL DEFAULT '',
  `table_name` varchar(64) COLLATE utf8_bin NOT NULL DEFAULT '',
  `column_name` varchar(64) COLLATE utf8_bin NOT NULL DEFAULT '',
  `comment` varchar(255) CHARACTER SET utf8 NOT NULL DEFAULT '',
  `mimetype` varchar(255) CHARACTER SET utf8 NOT NULL DEFAULT '',
  `transformation` varchar(255) COLLATE utf8_bin NOT NULL DEFAULT '',
  `transformation_options` varchar(255) COLLATE utf8_bin NOT NULL DEFAULT '',
  PRIMARY KEY (`id`),
  UNIQUE KEY `db_name` (`db_name`,`table_name`,`column_name`)
) ENGINE=MyISAM DEFAULT CHARSET=utf8 COLLATE=utf8_bin COMMENT='Column information for phpMyAdmin' AUTO_INCREMENT=1 ;

-- --------------------------------------------------------

--
-- Table structure for table `pma_designer_coords`
--

CREATE TABLE IF NOT EXISTS `pma_designer_coords` (
  `db_name` varchar(64) COLLATE utf8_bin NOT NULL DEFAULT '',
  `table_name` varchar(64) COLLATE utf8_bin NOT NULL DEFAULT '',
  `x` int(11) DEFAULT NULL,
  `y` int(11) DEFAULT NULL,
  `v` tinyint(4) DEFAULT NULL,
  `h` tinyint(4) DEFAULT NULL,
  PRIMARY KEY (`db_name`,`table_name`)
) ENGINE=MyISAM DEFAULT CHARSET=utf8 COLLATE=utf8_bin COMMENT='Table coordinates for Designer';

-- --------------------------------------------------------

--
-- Table structure for table `pma_history`
--

CREATE TABLE IF NOT EXISTS `pma_history` (
  `id` bigint(20) unsigned NOT NULL AUTO_INCREMENT,
  `username` varchar(64) COLLATE utf8_bin NOT NULL DEFAULT '',
  `db` varchar(64) COLLATE utf8_bin NOT NULL DEFAULT '',
  `table` varchar(64) COLLATE utf8_bin NOT NULL DEFAULT '',
  `timevalue` timestamp NOT NULL DEFAULT CURRENT_TIMESTAMP ON UPDATE CURRENT_TIMESTAMP,
  `sqlquery` text COLLATE utf8_bin NOT NULL,
  PRIMARY KEY (`id`),
  KEY `username` (`username`,`db`,`table`,`timevalue`)
) ENGINE=MyISAM DEFAULT CHARSET=utf8 COLLATE=utf8_bin COMMENT='SQL history for phpMyAdmin' AUTO_INCREMENT=1 ;

-- --------------------------------------------------------

--
-- Table structure for table `pma_pdf_pages`
--

CREATE TABLE IF NOT EXISTS `pma_pdf_pages` (
  `db_name` varchar(64) COLLATE utf8_bin NOT NULL DEFAULT '',
  `page_nr` int(10) unsigned NOT NULL AUTO_INCREMENT,
  `page_descr` varchar(50) CHARACTER SET utf8 NOT NULL DEFAULT '',
  PRIMARY KEY (`page_nr`),
  KEY `db_name` (`db_name`)
) ENGINE=MyISAM DEFAULT CHARSET=utf8 COLLATE=utf8_bin COMMENT='PDF relation pages for phpMyAdmin' AUTO_INCREMENT=1 ;

-- --------------------------------------------------------

--
-- Table structure for table `pma_recent`
--

CREATE TABLE IF NOT EXISTS `pma_recent` (
  `username` varchar(64) COLLATE utf8_bin NOT NULL,
  `tables` text COLLATE utf8_bin NOT NULL,
  PRIMARY KEY (`username`)
) ENGINE=MyISAM DEFAULT CHARSET=utf8 COLLATE=utf8_bin COMMENT='Recently accessed tables';

-- --------------------------------------------------------

--
-- Table structure for table `pma_relation`
--

CREATE TABLE IF NOT EXISTS `pma_relation` (
  `master_db` varchar(64) COLLATE utf8_bin NOT NULL DEFAULT '',
  `master_table` varchar(64) COLLATE utf8_bin NOT NULL DEFAULT '',
  `master_field` varchar(64) COLLATE utf8_bin NOT NULL DEFAULT '',
  `foreign_db` varchar(64) COLLATE utf8_bin NOT NULL DEFAULT '',
  `foreign_table` varchar(64) COLLATE utf8_bin NOT NULL DEFAULT '',
  `foreign_field` varchar(64) COLLATE utf8_bin NOT NULL DEFAULT '',
  PRIMARY KEY (`master_db`,`master_table`,`master_field`),
  KEY `foreign_field` (`foreign_db`,`foreign_table`)
) ENGINE=MyISAM DEFAULT CHARSET=utf8 COLLATE=utf8_bin COMMENT='Relation table';

-- --------------------------------------------------------

--
-- Table structure for table `pma_table_coords`
--

CREATE TABLE IF NOT EXISTS `pma_table_coords` (
  `db_name` varchar(64) COLLATE utf8_bin NOT NULL DEFAULT '',
  `table_name` varchar(64) COLLATE utf8_bin NOT NULL DEFAULT '',
  `pdf_page_number` int(11) NOT NULL DEFAULT '0',
  `x` float unsigned NOT NULL DEFAULT '0',
  `y` float unsigned NOT NULL DEFAULT '0',
  PRIMARY KEY (`db_name`,`table_name`,`pdf_page_number`)
) ENGINE=MyISAM DEFAULT CHARSET=utf8 COLLATE=utf8_bin COMMENT='Table coordinates for phpMyAdmin PDF output';

-- --------------------------------------------------------

--
-- Table structure for table `pma_table_info`
--

CREATE TABLE IF NOT EXISTS `pma_table_info` (
  `db_name` varchar(64) COLLATE utf8_bin NOT NULL DEFAULT '',
  `table_name` varchar(64) COLLATE utf8_bin NOT NULL DEFAULT '',
  `display_field` varchar(64) COLLATE utf8_bin NOT NULL DEFAULT '',
  PRIMARY KEY (`db_name`,`table_name`)
) ENGINE=MyISAM DEFAULT CHARSET=utf8 COLLATE=utf8_bin COMMENT='Table information for phpMyAdmin';

-- --------------------------------------------------------

--
-- Table structure for table `pma_table_uiprefs`
--

CREATE TABLE IF NOT EXISTS `pma_table_uiprefs` (
  `username` varchar(64) COLLATE utf8_bin NOT NULL,
  `db_name` varchar(64) COLLATE utf8_bin NOT NULL,
  `table_name` varchar(64) COLLATE utf8_bin NOT NULL,
  `prefs` text COLLATE utf8_bin NOT NULL,
  `last_update` timestamp NOT NULL DEFAULT CURRENT_TIMESTAMP ON UPDATE CURRENT_TIMESTAMP,
  PRIMARY KEY (`username`,`db_name`,`table_name`)
) ENGINE=MyISAM DEFAULT CHARSET=utf8 COLLATE=utf8_bin COMMENT='Tables'' UI preferences';

-- --------------------------------------------------------

--
-- Table structure for table `pma_tracking`
--

CREATE TABLE IF NOT EXISTS `pma_tracking` (
  `db_name` varchar(64) COLLATE utf8_bin NOT NULL,
  `table_name` varchar(64) COLLATE utf8_bin NOT NULL,
  `version` int(10) unsigned NOT NULL,
  `date_created` datetime NOT NULL,
  `date_updated` datetime NOT NULL,
  `schema_snapshot` text COLLATE utf8_bin NOT NULL,
  `schema_sql` text COLLATE utf8_bin,
  `data_sql` longtext COLLATE utf8_bin,
  `tracking` set('UPDATE','REPLACE','INSERT','DELETE','TRUNCATE','CREATE DATABASE','ALTER DATABASE','DROP DATABASE','CREATE TABLE','ALTER TABLE','RENAME TABLE','DROP TABLE','CREATE INDEX','DROP INDEX','CREATE VIEW','ALTER VIEW','DROP VIEW') COLLATE utf8_bin DEFAULT NULL,
  `tracking_active` int(1) unsigned NOT NULL DEFAULT '1',
  PRIMARY KEY (`db_name`,`table_name`,`version`)
) ENGINE=MyISAM DEFAULT CHARSET=utf8 COLLATE=utf8_bin ROW_FORMAT=COMPACT COMMENT='Database changes tracking for phpMyAdmin';

-- --------------------------------------------------------

--
-- Table structure for table `pma_userconfig`
--

CREATE TABLE IF NOT EXISTS `pma_userconfig` (
  `username` varchar(64) COLLATE utf8_bin NOT NULL,
  `timevalue` timestamp NOT NULL DEFAULT CURRENT_TIMESTAMP ON UPDATE CURRENT_TIMESTAMP,
  `config_data` text COLLATE utf8_bin NOT NULL,
  PRIMARY KEY (`username`)
) ENGINE=MyISAM DEFAULT CHARSET=utf8 COLLATE=utf8_bin COMMENT='User preferences storage for phpMyAdmin';

/*!40101 SET CHARACTER_SET_CLIENT=@OLD_CHARACTER_SET_CLIENT */;
/*!40101 SET CHARACTER_SET_RESULTS=@OLD_CHARACTER_SET_RESULTS */;
/*!40101 SET COLLATION_CONNECTION=@OLD_COLLATION_CONNECTION */;
